{
  "timestamp": 1768157955.8414557,
  "collections": [
    "CC-MAIN-2024-33",
    "CC-MAIN-2024-38",
    "CC-MAIN-2024-42"
  ],
  "results": [
    {
      "domain": "example.com",
      "results": 0,
      "min_ms": 609.2922687530518,
      "max_ms": 678.5721778869629,
      "avg_ms": 632.465410232544,
      "median_ms": 621.0436820983887
    },
    {
      "domain": "wikipedia.org",
      "results": 0,
      "min_ms": 623.00705909729,
      "max_ms": 658.0679416656494,
      "avg_ms": 642.1821117401123,
      "median_ms": 643.8820362091064
    },
    {
      "domain": "github.com",
      "results": 0,
      "min_ms": 598.3598232269287,
      "max_ms": 718.8849449157715,
      "avg_ms": 646.6141223907471,
      "median_ms": 628.875732421875
    }
  ]
}